product,complaint_count,share_of_total_pct,rank
Checking or savings account,286796,45.132030340225974,1
Credit card,201998,31.787681364680704,2
Mortgage,146666,23.080288295093318,3
